Evaluation ID,Account First Name,Account Last Name,Player First Name,Player Last Name,Player Gender,Player Birth Date,Street Address,City,State,Postal Code,User Email,Cellphone,Jersey Size,Player Allergies
1001,Chris,Smith,Alex,Smith,M,2019-06-14,123 Main St,Boulder City,NV,89005,chris.smith@example.com,702-555-0101,Youth S,Peanuts
1002,Chris,Smith,Jamie,Smith,F,2017-12-20,123 Main St,Boulder City,NV,89005,chris.smith@example.com,702-555-0101,Youth XS,
1003,Jordan,Lee,Casey,Lee,M,2018-04-10,45 Oak Ave,Boulder City,NV,89005,jordan.lee@example.com,702-555-0102,Youth S,Gluten
1004,Morgan,Taylor,Riley,Taylor,F,2019-09-01,88 Pine Rd,Boulder City,NV,89005,morgan.taylor@example.com,702-555-0103,Youth XS,
1005,Avery,Nguyen,Kai,Nguyen,M,2017-05-09,901 Desert Way,Boulder City,NV,89005,avery.nguyen@example.com,702-555-0104,Youth S,
1006,Avery,Nguyen,Lia,Nguyen,F,2017-07-22,901 Desert Way,Boulder City,NV,89005,avery.nguyen@example.com,702-555-0104,Youth S,
1007,Sam,Garcia,Diego,Garcia,M,2016-03-03,77 Lake View,Boulder City,NV,89005,sam.garcia@example.com,702-555-0105,Youth M,
1008,Sam,Garcia,Maya,Garcia,F,2014-11-30,77 Lake View,Boulder City,NV,89005,sam.garcia@example.com,702-555-0105,Youth S,Tree Nuts
1009,Sam,Garcia,Noah,Garcia,M,2015-08-19,77 Lake View,Boulder City,NV,89005,sam.garcia@example.com,702-555-0105,Youth M,
1010,Taylor,Kim,Aiden,Kim,M,2015-01-28,12 Canyon Ct,Boulder City,NV,89005,taylor.kim@example.com,702-555-0106,Youth L,
1011,Taylor,Kim,Siena,Kim,F,2014-05-11,12 Canyon Ct,Boulder City,NV,89005,taylor.kim@example.com,702-555-0106,Youth M,
1012,Pat,Lopez,Emery,Lopez,F,2013-02-14,303 River Run,Boulder City,NV,89005,pat.lopez@example.com,702-555-0107,Youth L,
1013,Pat,Lopez,Quinn,Lopez,M,2013-09-25,303 River Run,Boulder City,NV,89005,pat.lopez@example.com,702-555-0107,Youth L,
1014,Rene,Diaz,Leo,Diaz,M,2012-07-07,510 Sunrise Dr,Boulder City,NV,89005,rene.diaz@example.com,702-555-0108,Adult S,
1015,Rene,Diaz,Eva,Diaz,F,2011-10-02,510 Sunrise Dr,Boulder City,NV,89005,rene.diaz@example.com,702-555-0108,Adult XS,
1016,Casey,Morgan,Rowan,Morgan,M,2010-12-12,6 Juniper Pl,Boulder City,NV,89005,casey.morgan@example.com,702-555-0109,Adult S,
1017,Jamie,Bennett,Ava,Bennett,F,2016-09-09,401 Cedar St,Boulder City,NV,89005,jamie.bennett@example.com,702-555-0110,Youth M,
1018,Jamie,Bennett,Owen,Bennett,M,2018-02-02,401 Cedar St,Boulder City,NV,89005,jamie.bennett@example.com,702-555-0110,Youth S,
1019,Chris,Reed,Harper,Reed,F,2014-07-30,950 Maple Ln,Boulder City,NV,89005,chris.reed@example.com,702-555-0111,Youth L,
1020,Chris,Reed,Logan,Reed,M,2019-03-03,950 Maple Ln,Boulder City,NV,89005,chris.reed@example.com,702-555-0111,Youth XS,
1021,Alex,Ramos,Mila,Ramos,F,2015-10-21,22 Arroyo Cir,Boulder City,NV,89005,alex.ramos@example.com,702-555-0112,Youth M,
1022,Alex,Ramos,Ethan,Ramos,M,2017-01-15,22 Arroyo Cir,Boulder City,NV,89005,alex.ramos@example.com,702-555-0112,Youth S,
1023,Devon,Patel,Aria,Patel,F,2013-06-06,3 Vista Way,Boulder City,NV,89005,devon.patel@example.com,702-555-0113,Youth L,Sesame
1024,Sky,Walker,Finn,Walker,M,2016-12-01,77 Star Rd,Boulder City,NV,89005,sky.walker@example.com,702-555-0114,Youth M,
